{"cameraMode":{"drawMode":0,"name":"Shaded","section":"Shading Mode"},"sceneLighting":true,"audioPlay":false,"sceneViewState":{"showFog":false,"showMaterialUpdate":false,"showSkybox":false,"showFlares":false,"showImageEffects":false,"showParticleSystems":false},"in2DMode":false,"pivot":{"x":398.0451965332031,"y":60.0538330078125,"z":-91.68040466308594},"rotation":{"x":0.09764358401298523,"y":-0.01552019827067852,"z":0.0015232297591865063,"w":0.9950993061065674},"size":71.4870834350586,"orthographic":false}