{"cameraMode":{"drawMode":0,"name":"Shaded","section":"Shading Mode"},"sceneLighting":false,"audioPlay":false,"sceneViewState":{"showFog":false,"showMaterialUpdate":false,"showSkybox":false,"showFlares":false,"showImageEffects":false,"showParticleSystems":false},"in2DMode":false,"pivot":{"x":-0.746333122253418,"y":1.9204471111297608,"z":0.9853225946426392},"rotation":{"x":0.276220440864563,"y":-0.3505488932132721,"z":0.10901419073343277,"w":0.8882194757461548},"size":4.431310653686523,"orthographic":false}