{"cameraMode":{"drawMode":0,"name":"Shaded","section":"Shading Mode"},"sceneLighting":false,"audioPlay":false,"sceneViewState":{"showFog":false,"showMaterialUpdate":false,"showSkybox":false,"showFlares":false,"showImageEffects":false,"showParticleSystems":false},"in2DMode":false,"pivot":{"x":-2.693000078201294,"y":1.8240000009536744,"z":0.0},"rotation":{"x":0.31768032908439639,"y":0.06195151060819626,"z":-0.020806271582841874,"w":0.9459431171417236},"size":0.8573653101921082,"orthographic":true}