{"cameraMode":{"drawMode":0,"name":"Shaded","section":"Shading Mode"},"sceneLighting":false,"audioPlay":false,"sceneViewState":{"showFog":false,"showMaterialUpdate":false,"showSkybox":false,"showFlares":false,"showImageEffects":false,"showParticleSystems":false},"in2DMode":false,"pivot":{"x":-13.948023796081543,"y":-1.3332159519195557,"z":11.244460105895996},"rotation":{"x":0.26716384291648867,"y":-0.17937912046909333,"z":0.050688546150922778,"w":0.9454509019851685},"size":13.162992477416993,"orthographic":true}