{"cameraMode":{"drawMode":0,"name":"Shaded","section":"Shading Mode"},"sceneLighting":false,"audioPlay":false,"sceneViewState":{"showFog":false,"showMaterialUpdate":false,"showSkybox":false,"showFlares":false,"showImageEffects":false,"showParticleSystems":false},"in2DMode":false,"pivot":{"x":425.4700012207031,"y":304.54998779296877,"z":0.6100000143051148},"rotation":{"x":0.3370297849178314,"y":0.11567473411560059,"z":-0.0417662039399147,"w":0.9334269762039185},"size":4.129600524902344,"orthographic":false}