{"cameraMode":{"drawMode":0,"name":"Shaded","section":"Shading Mode"},"sceneLighting":false,"audioPlay":false,"sceneViewState":{"showFog":false,"showMaterialUpdate":false,"showSkybox":false,"showFlares":false,"showImageEffects":false,"showParticleSystems":false},"in2DMode":false,"pivot":{"x":-1.69679856300354,"y":2.2611777782440187,"z":0.0006129592657089233},"rotation":{"x":0.31768032908439639,"y":0.06195151060819626,"z":-0.020806271582841874,"w":0.9459431171417236},"size":2.0183329582214357,"orthographic":true}