{"cameraMode":{"drawMode":0,"name":"Shaded","section":"Shading Mode"},"sceneLighting":false,"audioPlay":false,"sceneViewState":{"showFog":false,"showMaterialUpdate":false,"showSkybox":false,"showFlares":false,"showImageEffects":false,"showParticleSystems":false},"in2DMode":false,"pivot":{"x":-4.848258972167969,"y":0.5884785652160645,"z":-0.5439765453338623},"rotation":{"x":0.43981531262397768,"y":-0.2746771574020386,"z":0.14331357181072236,"w":0.8429568409919739},"size":6.797272205352783,"orthographic":false}