{"cameraMode":{"drawMode":0,"name":"Shaded","section":"Shading Mode"},"sceneLighting":false,"audioPlay":false,"sceneViewState":{"showFog":false,"showMaterialUpdate":false,"showSkybox":false,"showFlares":false,"showImageEffects":false,"showParticleSystems":false},"in2DMode":false,"pivot":{"x":-0.8387451171875,"y":2.625,"z":-0.03147125244140625},"rotation":{"x":-0.18159951269626618,"y":-0.41551411151885989,"z":0.08505034446716309,"w":-0.8872069120407105},"size":4.3865156173706059,"orthographic":true}