{"cameraMode":{"drawMode":0,"name":"Shaded","section":"Shading Mode"},"sceneLighting":false,"audioPlay":false,"sceneViewState":{"showFog":false,"showMaterialUpdate":false,"showSkybox":false,"showFlares":false,"showImageEffects":false,"showParticleSystems":false},"in2DMode":false,"pivot":{"x":-15.758947372436524,"y":10.22044849395752,"z":11.095155715942383},"rotation":{"x":0.2977564036846161,"y":0.11164450645446778,"z":-0.03508688136935234,"w":0.947441577911377},"size":22.990575790405275,"orthographic":false}