{"cameraMode":{"drawMode":0,"name":"Shaded","section":"Shading Mode"},"sceneLighting":false,"audioPlay":false,"sceneViewState":{"showFog":false,"showMaterialUpdate":false,"showSkybox":false,"showFlares":false,"showImageEffects":false,"showParticleSystems":false},"in2DMode":false,"pivot":{"x":-13.697449684143067,"y":-0.4434547424316406,"z":11.493605613708496},"rotation":{"x":0.10340199619531632,"y":0.12350250780582428,"z":-0.012940476648509503,"w":0.986857533454895},"size":19.63966941833496,"orthographic":true}