{"cameraMode":{"drawMode":0,"name":"Shaded","section":"Shading Mode"},"sceneLighting":false,"audioPlay":false,"sceneViewState":{"showFog":false,"showMaterialUpdate":false,"showSkybox":false,"showFlares":false,"showImageEffects":false,"showParticleSystems":false},"in2DMode":false,"pivot":{"x":-1.607086181640625,"y":2.2003173828125,"z":-0.06744384765625},"rotation":{"x":0.5237846970558167,"y":0.16506293416023255,"z":-0.10426916927099228,"w":0.8291753530502319},"size":0.887334942817688,"orthographic":true}